center_type,mean_distance,p_value,sig,std_distance,t_statistic
COM,353.4628793612071,2.5181383057050667e-42,***,7.195012546175235,245.63048159596534
BBC,352.0733696690394,4.860171866451675e-39,***,9.824098921834548,179.18863219431697
CHC,352.55194614433515,1.560968688557596e-41,***,7.7435054338093305,227.64363579125248
ICC,352.1792840126888,1.0485001284339434e-40,***,8.374531614231888,210.26804855222386
