{
  "case_name": "spectrum_convex",
  "final_filename": "convex_02.json",
  "area": 2600.15,
  "key_metric": 18.0,
  "vertices_xy": [
    [
      -87.6427297346622,
      103.87822841749758
    ],
    [
      37.54464357384749,
      20.553219345274428
    ],
    [
      87.89595395800168,
      -14.584623992777837
    ],
    [
      27.710352393427318,
      -2.434897404856539
    ],
    [
      -87.6427297346622,
      103.87822841749758
    ]
  ],
  "centers": {
    "COM": [
      9.449340025465109,
      29.252453877583612
    ],
    "BBC": [
      0.1266121116697434,
      44.64680221235987
    ],
    "CHC": [
      9.44934002546511,
      29.252453877583616
    ],
    "ICC": [
      33.42582041957986,
      8.690514219648694
    ]
  },
  "distances": {
    "COM-BBC": 18.0,
    "COM-CHC": 0.0,
    "COM-ICC": 31.59,
    "BBC-CHC": 18.0,
    "BBC-ICC": 49.01,
    "CHC-ICC": 31.59
  },
  "params": [
    25.003335672244653,
    147.8708442565866,
    60.11348262383575,
    39.87225408513324,
    66.83881397525937
  ]
}