{
  "case_name": "spectrum_concave",
  "final_filename": "spectrum_concave_03.json",
  "area": 2700.0,
  "score": 8.94,
  "key_metric": 8.94,
  "vertices_xy": [
    [
      63.48929480200484,
      -20.588116640716535
    ],
    [
      62.498733222630875,
      -18.2719085295942
    ],
    [
      61.39864827589488,
      -16.005604892297463
    ],
    [
      60.1915549838283,
      -13.79438696832488
    ],
    [
      58.880213011702985,
      -11.64331005982531
    ],
    [
      57.467620358864785,
      -9.557291974130166
    ],
    [
      55.957006504686085,
      -7.541101780627358
    ],
    [
      54.35182502530713,
      -5.599348907680849
    ],
    [
      52.65574569804569,
      -3.7364726045228167
    ],
    [
      50.87264611152601,
      -1.9567317922104408
    ],
    [
      49.00660280070814,
      -0.26419532685027747
    ],
    [
      47.06188192708467,
      1.3372673026495079
    ],
    [
      45.04292952535206,
      2.8439948210321973
    ],
    [
      42.95436133885441,
      4.2525425371260965
    ],
    [
      40.80095226703818,
      5.559690219121983
    ],
    [
      38.58762544904317,
      6.76244945668995
    ],
    [
      36.319441008386754,
      7.858070493104364
    ],
    [
      34.00158448447351,
      8.844048511757315
    ],
    [
      31.639354977378105,
      9.718129362688103
    ],
    [
      29.238153033005098,
      10.478314716036927
    ],
    [
      26.80346829632235,
      11.122866630640836
    ],
    [
      24.340866960895696,
      11.650311527327212
    ],
    [
      21.85597904341769,
      12.059443557820863
    ],
    [
      19.354485512323272,
      12.349327361563063
    ],
    [
      16.842105299919375,
      12.519300204139356
    ],
    [
      14.324582227721221,
      12.568973492427851
    ],
    [
      11.807671874886632,
      12.498233663003468
    ],
    [
      9.297128419770095,
      12.307242441767492
    ],
    [
      6.798691484679251,
      11.996436474208679
    ],
    [
      4.318073013909496,
      11.566526327141183
    ],
    [
      1.8609442150563442,
      11.018494864201706
    ],
    [
      -0.5670774065397222,
      10.353594998819652
    ],
    [
      -2.960440890573972,
      9.573346829797465
    ],
    [
      -5.313674512422304,
      8.679534166050026
    ],
    [
      -7.621398292637062,
      7.674200448447962
    ],
    [
      -9.878336296694256,
      6.559644078088624
    ],
    [
      -12.07932869687271,
      5.338413161675099
    ],
    [
      -14.219343568688794,
      4.0132996860165875
    ],
    [
      -16.293488394918064,
      2.58733313496829
    ],
    [
      -18.297021250902873,
      1.0637735634038208
    ],
    [
      -20.225361645574317,
      -0.5538958559453633
    ],
    [
      -22.07410099340349,
      -2.2619767957443244
    ],
    [
      -23.83901269334106,
      -4.0565642291968445
    ],
    [
      -25.51606179170267,
      -5.93355535774549
    ],
    [
      -27.10141420690877,
      -7.888658990918863
    ],
    [
      -28.59144549498918,
      -9.917405356881783
    ],
    [
      -29.98274913581271,
      -12.015156321259447
    ],
    [
      -31.272144321097663,
      -14.177115990873276
    ],
    [
      -32.456683226398425,
      -16.398341678145933
    ],
    [
      -33.53365775044262,
      -18.673755201108918
    ],
    [
      -34.500605706411584,
      -20.998154493178284
    ],
    [
      -35.35531645100928,
      -23.366225496156215
    ],
    [
      -36.09583593845084,
      -25.77255430926876
    ],
    [
      -36.72047118781585,
      -28.211639566464235
    ],
    [
      -37.22779415355344,
      -30.6779050136755
    ],
    [
      -37.61664499029012,
      -33.165712257291574
    ],
    [
      -37.886134704476575,
      -35.669373654693345
    ],
    [
      -38.03564718681104,
      -38.183165317382496
    ],
    [
      -38.06484062079273,
      -40.701340196976126
    ],
    [
      -37.973648264185194,
      -43.218141224149676
    ],
    [
      -37.76227860160286,
      -45.72781447048981
    ],
    [
      -37.43121486787206,
      -48.22462230316639
    ],
    [
      -36.9812139432561,
      -50.70285650234952
    ],
    [
      -36.41330462307025,
      -53.15685131138234
    ],
    [
      -35.72878526564255,
      -55.58099638987423
    ],
    [
      -34.92922082399773,
      -57.96974964010083
    ],
    [
      -34.01643926805058,
      -60.31764987738741
    ],
    [
      -32.992527405488026,
      -62.61932931550802
    ],
    [
      -31.859826110894566,
      -64.86952583855658
    ],
    [
      -30.620924974028192,
      -67.06309503123376
    ],
    [
      -29.27865637948181,
      -69.19502194004568
    ],
    [
      -27.83608903126543,
      -71.26043253852652
    ],
    [
      -26.296520937113293,
      -73.25460487027222
    ],
    [
      -24.663471868555064,
      -75.17297984431099
    ],
    [
      -22.940675313989125,
      -77.01117165812948
    ],
    [
      -21.132069943154868,
      -78.76497782452563
    ],
    [
      -19.24179060251788,
      -80.43038877936488
    ],
    [
      -17.274158862154593,
      -82.0035970482742
    ],
    [
      -15.233673135747951,
      -83.48100595131706
    ],
    [
      -13.124998396282122,
      -84.85923782574876
    ],
    [
      -4.699344543664234,
      -71.25334968967736
    ],
    [
      -6.167019650529207,
      -70.2940758027508
    ],
    [
      -7.587233992034973,
      -69.26577294073331
    ],
    [
      -8.956740664050288,
      -68.17079201694358
    ],
    [
      -10.27240869067863,
      -67.01163638455952
    ],
    [
      -11.53123018231757,
      -65.79095611343438
    ],
    [
      -12.730327212317418,
      -64.51154193148815
    ],
    [
      -13.866958396517544,
      -63.176318844525625
    ],
    [
      -14.93852516061841,
      -61.78833944906728
    ],
    [
      -15.942577681060571,
      -60.3507769534814
    ],
    [
      -16.876820485828752,
      -58.866917923372526
    ],
    [
      -17.73911770237629,
      -57.34015476781173
    ],
    [
      -18.527497940672156,
      -55.77397798358702
    ],
    [
      -19.240158800206856,
      -54.17196817520457
    ],
    [
      -19.87547099065329,
      -52.537787868885346
    ],
    [
      -20.43198205676193,
      -50.87517313927156
    ],
    [
      -20.908419698974292,
      -49.18792506798625
    ],
    [
      -21.30369468216326,
      -47.47990105357343
    ],
    [
      -21.616903325850238,
      -45.75500599268608
    ],
    [
      -21.84732957020576,
      -44.01718335268368
    ],
    [
      -21.994446613110682,
      -42.270406156049035
    ],
    [
      -22.057918114534907,
      -40.518667897236035
    ],
    [
      -22.037598965480335,
      -38.7659734127142
    ],
    [
      -21.93353561973006,
      -37.01632972508308
    ],
    [
      -21.745965987645505,
      -35.27373688218869
    ],
    [
      -21.475318892253917,
      -33.54217881218562
    ],
    [
      -21.122213088870232,
      -31.82561421545217
    ],
    [
      -20.687455850494217,
      -30.127967514181407
    ],
    [
      -20.172041122217202,
      -28.45311988033918
    ],
    [
      -19.57714724885774,
      -26.8049003625012
    ],
    [
      -18.904134281021314,
      -25.18707713185494
    ],
    [
      -18.154540865742938,
      -23.60334886737985
    ],
    [
      -17.330080728821393,
      -22.05733629990111
    ],
    [
      -16.432638756887087,
      -20.552573934349166
    ],
    [
      -15.46426668816085,
      -19.09250196914934
    ],
    [
      -14.427178421755402,
      -17.68045843121574
    ],
    [
      -13.323744956243461,
      -16.319671544530358
    ],
    [
      -12.156488969063956,
      -15.013252349754453
    ],
    [
      -10.928079049158862,
      -13.76418759174527
    ],
    [
      -9.641323596026242,
      -12.575332891238673
    ],
    [
      -8.299164399137302,
      -11.449406216308734
    ],
    [
      -6.9046699123963595,
      -10.388981668529748
