{
  "case_name": "symmetric_control",
  "rank": 0,
  "area": 550.0,
  "theta": [
    13.307381466176176,
    13.307381466176176,
    13.307381466176176,
    13.307381466176176,
    13.307381466176176,
    13.307381466176176,
    13.307381466176176,
    13.307381466176176,
    13.307381466176176,
    13.307381466176176,
    13.307381466176176,
    13.307381466176176,
    13.307381466176176,
    13.307381466176176,
    13.307381466176176,
    13.307381466176176,
    13.307381466176176,
    13.307381466176176,
    13.307381466176176,
    13.307381466176176,
    13.307381466176176,
    13.307381466176176,
    13.307381466176176,
    13.307381466176176
  ]
}