{
  "case_name": "baseline_symmetric_rectangle",
  "final_filename": "baseline_rectangle.json",
  "area": 2550.0,
  "score": 0.0,
  "vertices_xy": [
    [
      29.87473849257931,
      21.33909892327094
    ],
    [
      29.87473849257931,
      -21.33909892327094
    ],
    [
      -29.87473849257931,
      -21.33909892327094
    ],
    [
      -29.87473849257931,
      21.33909892327094
    ]
  ],
  "centers": {
    "COM": [
      -0.0,
      -0.0
    ],
    "BBC": [
      0.0,
      0.0
    ],
    "CHC": [
      -0.0,
      -0.0
    ],
    "ICC": [
      0.0,
      0.0
    ]
  },
  "distances": {
    "COM-BBC": 0.0,
    "COM-CHC": 0.0,
    "COM-ICC": 0.0,
    "BBC-CHC": 0.0,
    "BBC-ICC": 0.0,
    "CHC-ICC": 0.0
  },
  "note": "Perfectly symmetric control shape"
}