{
  "case_name": "asymmetric_consolidated",
  "run_id": 3,
  "final_rank": 1,
  "score": 4.00679489587219e-12,
  "separation_deg": 4.00679489587219e-12,
  "area": 549.6560020717195,
  "theta": [
    17.062028221348804,
    15.690932080896495,
    16.182500263411256,
    16.519644941525257,
    15.483536970206643,
    17.04777745505938,
    16.39307448773646,
    13.304814997491363,
    13.409589342798128,
    10.925800643333396,
    9.928794053810286,
    9.636099138868062,
    9.711434505093273,
    9.867817868245766,
    12.199599758345277,
    9.384307506417516,
    9.866931702074794,
    10.512780712870573,
    12.683924371138449,
    13.9715552145367,
    15.326987997156795,
    12.124300411640185,
    13.33117680858249,
    13.795664104737686
  ],
  "center_positions": {
    "center_of_mass": [
      2.7438280692375163,
      1.5768778248991546
    ],
    "convex_hull_center": [
      2.7898672069280783,
      1.3380187466306843
    ],
    "bounding_box_center": [
      3.2484324573096464,
      1.4857012547628363
    ],
    "inscribed_circle_center": [
      3.0828726904604262,
      2.468487347447008
    ]
  }
}