{
  "case_name": "iso_chc",
  "run_id": 47,
  "final_rank": 5,
  "score": 9.46745989467177,
  "separation_deg": 9.46745989467177,
  "area": 575.0,
  "theta": [
    6.001374517555853,
    11.532987249440104,
    34.5965643995023,
    11.532249751382,
    6.01430432545353,
    7.153114322622795,
    6.863912546864277,
    7.700043457804501,
    9.149379923603405,
    9.958172032849987,
    12.821646241700293,
    18.64791218463141,
    36.577190599316395,
    18.83344277995095,
    12.77626915091178,
    10.505471666081782,
    8.195431728619852,
    8.594817024966751,
    6.599817377631869,
    6.295415854708651,
    7.166560651664195,
    10.409143744568748,
    31.22727338748338,
    10.422194232180175
  ],
  "center_positions": {
    "center_of_mass": [
      -1.454947503636457,
      0.645622363939957
    ],
    "convex_hull_center": [
      7.645549278046241,
      0.7504112935992945
    ],
    "bounding_box_center": [
      -1.5796226407886689,
      1.1256417886682675
    ],
    "inscribed_circle_center": [
      -4.535865691312332,
      0.2666588679434535
    ]
  },
  "rotation_applied": 0.0,
  "vertices_xy": [
    [
      6.001374517555853,
      0.0
    ],
    [
      11.140010238496721,
      2.984956747079635
    ],
    [
      29.961503653633315,
      17.298282199751146
    ],
    [
      8.15453200153909,
      8.154532001539089
    ],
    [
      3.007152162726766,
      5.2085403319333885
    ],
    [
      1.8513622184903977,
      6.909377862619591
    ],
    [
      4.202934265072347e-16,
      6.863912546864277
    ],
    [
      -1.992917894996872,
      7.437670839441547
    ],
    [
      -4.574689961801701,
      7.923595442715876
    ],
    [
      -7.041490972650452,
      7.041490972650453
    ],
    [
      -11.103871363649725,
      6.410823120850151
    ],
    [
      -18.012499985506075,
      4.826434824781968
    ],
    [
      -36.577190599316395,
      4.479413938925548e-15
    ],
    [
      -18.19170877909201,
      -4.874453676299861
    ],
    [
      -11.064573650277044,
      -6.388134575455887
    ],
    [
      -7.428490254649569,
      -7.428490254649561
    ],
    [
      -4.097715864309929,
      -7.0974520719658045
    ],
    [
      -2.2245023352327893,
      -8.30195573664436
    ],
    [
      -1.2123667839710919e-15,
      -6.599817377631869
    ],
    [
      1.6293735200389596,
      -6.080904761292755
    ],
    [
      3.5832803258320927,
      -6.206423582103157
    ],
    [
      7.360376128130092,
      -7.3603761281300955
    ],
    [
      27.04361204448234,
      -15.613636693741704
    ],
    [
      10.067066575463794,
      -2.697462359045881
    ],
    [
      6.001374517555853,
      0.0
    ]
  ],
  "centers": {
    "COM": [
      -2.82839785351378,
      0.35146783005519094
    ],
    "BBC": [
      -3.3078434728415402,
      0.842322753004721
    ],
    "CHC": [
      6.638151299529036,
      0.4827842046728172
    ],
    "ICC": [
      -3.990125005708701,
      0.28999960735035335
    ]
  },
  "distances": {
    "COM-BBC": 0.69,
    "COM-CHC": 9.47,
    "COM-ICC": 1.16,
    "BBC-CHC": 9.95,
    "BBC-ICC": 0.88,
    "CHC-ICC": 10.63
  },
  "variation_id": 1
}