{
  "case_name": "iso_chc",
  "run_id": 17,
  "final_rank": 1,
  "score": 9.117061779278439,
  "separation_deg": 9.117061779278439,
  "area": 562.24,
  "theta": [
    34.228589742691085,
    17.26207244407924,
    8.01934574985306,
    6.0380541584574905,
    6.150440466418118,
    6.128880921151084,
    6.055393611510617,
    6.000070007984983,
    6.012029869180485,
    10.387537216919398,
    31.15696282565034,
    10.386601638534916,
    6.094091508301574,
    6.000254464760047,
    11.368299619615943,
    34.09597767573894,
    11.36866517357368,
    6.000100489022739,
    6.0946639975253705,
    6.000000331815288,
    13.151837521507371,
    14.14955684478132,
    16.4742712116214,
    21.499622989321544
  ],
  "center_positions": {
    "center_of_mass": [
      3.637208090230654,
      -1.608909798988071
    ],
    "convex_hull_center": [
      -5.630205633916451,
      -2.845771920804609
    ],
    "bounding_box_center": [
      3.6104298919083053,
      -4.268657881206914
    ],
    "inscribed_circle_center": [
      8.769917883362387,
      -1.8181315185170148
    ]
  },
  "rotation_applied": 0.0,
  "vertices_xy": [
    [
      34.228589742691085,
      0.0
    ],
    [
      16.673881589008996,
      4.467753106467126
    ],
    [
      6.944957141103518,
      4.009672874926529
    ],
    [
      4.2695490406169245,
      4.269549040616924
    ],
    [
      3.07522023320906,
      5.326437688381901
    ],
    [
      1.5862711075593827,
      5.920044367990166
    ],
    [
      3.707859201956904e-16,
      6.055393611510617
    ],
    [
      -1.5529323900149468,
      5.795622580255151
    ],
    [
      -3.0060149345902416,
      5.206570595021136
    ],
    [
      -7.345098005911343,
      7.345098005911344
    ],
    [
      -26.982721311780576,
      15.57848141282518
    ],
    [
      -10.032686770037229,
      2.688250317945887
    ],
    [
      -6.094091508301574,
      7.463109659352588e-16
    ],
    [
      -5.795800751818021,
      -1.5529801309413298
    ],
    [
      -9.84523626842038,
      -5.684149809807969
    ],
    [
      -24.109497025700158,
      -24.109497025700133
    ],
    [
      -5.684332586786845,
      -9.845552847434229
    ],
    [
      -1.5529402790880378,
      -5.795652022676731
    ],
    [
      -1.1195716134672084e-15,
      -6.0946639975253705
    ],
    [
      1.552914356495238,
      -5.795555278243367
    ],
    [
      6.575918760753677,
      -11.389825400070757
    ],
    [
      10.005247595729397,
      -10.005247595729402
    ],
    [
      14.267137378098772,
      -8.237135605810707
    ],
    [
      20.767041100863857,
      -5.564511892160422
    ],
    [
      34.228589742691085,
      0.0
    ]
  ],
  "centers": {
    "COM": [
      3.45091581916641,
      -1.9349282366192653
    ],
    "BBC": [
      3.6229342154552544,
      -4.265507806437476
    ],
    "CHC": [
      -5.62072264284325,
      -2.8438787863009996
    ],
    "ICC": [
      8.51341310768569,
      -2.9840454229118554
    ]
  },
  "distances": {
    "COM-BBC": 2.34,
    "COM-CHC": 9.12,
    "COM-ICC": 5.17,
    "BBC-CHC": 9.35,
    "BBC-ICC": 5.06,
    "CHC-ICC": 14.13
  },
  "variation_id": 3
}