{
  "case_name": "iso_icc",
  "run_id": 46,
  "final_rank": 2,
  "score": 16.078567818401346,
  "separation_deg": 15.710843335451937,
  "area": 575.004669007267,
  "theta": [
    7.04062546935161,
    7.396711012678065,
    7.348790746580226,
    8.054677491000103,
    7.95450040684802,
    7.0301516626250695,
    13.376433965583374,
    7.083120053455648,
    21.161619120291036,
    21.77611410028068,
    21.7339666959773,
    19.115402814695557,
    11.36063364204039,
    6.090072534883959,
    6.936945613036281,
    7.825313727531054,
    9.224861088312586,
    10.983122657873544,
    7.332437183416001,
    6.985513623265595,
    19.9233894625404,
    23.61922438388148,
    24.226207276001873,
    19.169001814266657
  ],
  "center_positions": {
    "center_of_mass": [
      2.976674913404222,
      -2.7155005009476585
    ],
    "convex_hull_center": [
      2.863411597615528,
      -2.698930071412697
    ],
    "bounding_box_center": [
      3.5073070158740745,
      -2.215611995830625
    ],
    "inscribed_circle_center": [
      -5.084255791432948,
      3.9730370252192015
    ]
  },
  "rotation_applied": 0.0005492043960562108,
  "vertices_xy": [
    [
      7.040622223937163,
      6.409008204775428e-05
    ],
    [
      7.144652600892908,
      1.9144747685460057
    ],
    [
      6.364201007609925,
      3.6744529797561407
    ],
    [
      5.695459234852544,
      5.695568270541606
    ],
    [
      3.9771809260802047,
      6.888834152755823
    ],
    [
      1.819468804236637,
      6.790619097078195
    ],
    [
      -0.0001314638952426323,
      13.376430567663675
    ],
    [
      -1.8333151948482223,
      6.8417476202737895
    ],
    [
      -10.580988472038822,
      18.3263949236792
    ],
    [
      -15.398188789321626,
      15.39788695345034
    ],
    [
      -18.822274692601205,
      10.866799531711832
    ],
    [
      -18.46411192609795,
      4.947249919843103
    ],
    [
      -11.360636886609482,
      -0.00011229380665392411
    ],
    [
      -5.8825464814355675,
      -1.5762865421382184
    ],
    [
      -6.007541123589575,
      -3.4685337887863006
    ],
    [
      -5.533282607143577,
      -5.533388838042977
    ],
    [
      -4.612357211419865,
      -7.989011657906374
    ],
    [
      -2.8425428728742452,
      -10.608912473283596
    ],
    [
      6.703943552184288e-05,
      -7.332440580384331
    ],
    [
      1.8080453978903772,
      -6.747474085306905
    ],
    [
      9.961856874191232,
      -17.254069313486216
    ],
    [
      16.70147057154075,
      -16.701157035557408
    ],
    [
      20.98062380155634,
      -12.112905927636065
    ],
    [
      18.515878226835802,
      -4.961128660077358
    ],
    [
      7.040622223937163,
      6.409008204775428e-05
    ]
  ],
  "centers": {
    "COM": [
      0.35442243179533106,
      -0.3385459998089129
    ],
    "BBC": [
      1.079174554477568,
      0.5361628050964917
    ],
    "CHC": [
      0.4447276310828971,
      -0.09903671316739414
    ],
    "ICC": [
      13.090010135234094,
      -10.153092161596208
    ]
  },
  "distances": {
    "COM-BBC": 1.31,
    "COM-CHC": 0.06,
    "COM-ICC": 15.72,
    "BBC-CHC": 1.26,
    "BBC-ICC": 15.91,
    "CHC-ICC": 15.71
  },
  "variation_id": 1,
  "optimization_strategy": "tighten"
}