{
  "case_name": "iso_bbc",
  "run_id": 13,
  "final_rank": 5,
  "score": 12.719106587860272,
  "separation_deg": 12.719106587860272,
  "area": 562.75,
  "theta": [
    14.537714401848024,
    43.54988116985528,
    15.174306579846167,
    6.000054107736208,
    6.2829750304644865,
    6.901961541608628,
    6.903857296318012,
    8.598504247264309,
    6.042015881114761,
    12.399450694150254,
    22.537105563429208,
    7.512381104813464,
    9.469407011505204,
    7.125965655130074,
    9.958937208701904,
    20.10496783011112,
    39.034602501653154,
    13.068173854784106,
    6.008579061624342,
    8.633977639236274,
    7.165622455169807,
    8.536001060493504,
    6.02558382377407,
    9.254813528575834
  ],
  "center_positions": {
    "center_of_mass": [
      -1.4448617284217635,
      -2.8406781975220556
    ],
    "convex_hull_center": [
      -1.3448344749688026,
      -2.7203777881929514
    ],
    "bounding_box_center": [
      4.6510402075864,
      -7.553334868815223
    ],
    "inscribed_circle_center": [
      -3.0658228488824735,
      -1.0694341846284074
    ]
  },
  "rotation_applied": -0.0004281202395764075,
  "vertices_xy": [
    [
      14.537736123629092,
      -9.719633687881756e-05
    ],
    [
      42.066060896947434,
      11.271235768078398
    ],
    [
      13.141413396807279,
      7.5870665272719116
    ],
    [
      4.242732370889287,
      4.242658676225619
    ],
    [
      3.141549894683739,
      5.4412039450723
    ],
    [
      1.7864306325908856,
      6.66678098807182
    ],
    [
      7.330855268764658e-05,
      6.903868727157216
    ],
    [
      -2.225372876617343,
      8.305545379540916
    ],
    [
      -3.020947120188977,
      5.232573247297183
    ],
    [
      -8.767648432924359,
      8.76781261307492
    ],
    [
      -19.517600023128672,
      11.268710050834315
    ],
    [
      -7.256366675303243,
      1.9444129555964194
    ],
    [
      -9.469385289053948,
      8.218746168960459e-05
    ],
    [
      -6.883146322234554,
      -1.8442727635402123
    ],
    [
      -8.624708102128338,
      -4.9793927285472455
    ],
    [
      -14.216443591792471,
      -14.216241430612879
    ],
    [
      -19.51753212237981,
      -33.80480012570515
    ],
    [
      -3.3823648756169544,
      -12.622849924534787
    ],
    [
      -2.317456341781093e-05,
      -6.008567630424672
    ],
    [
      2.2345972543983543,
      -8.33978725153073
    ],
    [
      3.5827865806769856,
      -6.205626420051734
    ],
    [
      6.035840855480852,
      -6.03589790351816
    ],
    [
      5.218307874156281,
      -3.0128194725357393
    ],
    [
      8.939467228574067,
      -2.3953773656031045
    ],
    [
      14.537736123629092,
      -9.719633687881756e-05
    ]
  ],
  "centers": {
    "COM": [
      1.5298378225904896,
      -2.907097281377041
    ],
    "BBC": [
      11.27423043690938,
      -11.266782178813376
    ],
    "CHC": [
      1.0103095838129834,
      -3.754951435597479
    ],
    "ICC": [
      -0.04342111523595329,
      0.005764152931512081
    ]
  },
  "distances": {
    "COM-BBC": 12.84,
    "COM-CHC": 0.99,
    "COM-ICC": 3.31,
    "BBC-CHC": 12.72,
    "BBC-ICC": 15.97,
    "CHC-ICC": 3.91
  },
  "variation_id": 2
}