{
  "case_name": "iso_com",
  "run_id": 50,
  "final_rank": 2,
  "score": 9.084496749147402,
  "separation_deg": 9.084496749147402,
  "area": 575.0,
  "theta": [
    13.267802917487398,
    12.109243458026738,
    11.075296196850939,
    7.983973524021408,
    6.484412183685469,
    6.8260110076831175,
    6.5240449549469695,
    12.160255333900047,
    36.46709096624669,
    12.354189248212855,
    6.384700311943924,
    13.251110792697071,
    39.73626035305706,
    13.245422837316628,
    6.762078579917253,
    7.622965712274324,
    6.036198255534398,
    6.914056834453159,
    10.637470262017398,
    8.775559857435773,
    14.142853282763852,
    18.55749823687445,
    21.5754798108225,
    15.702283837310777
  ],
  "center_positions": {
    "center_of_mass": [
      2.854244426186788,
      0.6562341441660392
    ],
    "convex_hull_center": [
      -5.0975951330896905,
      5.45049245006275
    ],
    "bounding_box_center": [
      -1.906168123442745,
      9.742829011754239
    ],
    "inscribed_circle_center": [
      10.531619455330974,
      -4.566298920023735
    ]
  },
  "rotation_applied": 0.0,
  "vertices_xy": [
    [
      13.267802917487398,
      0.0
    ],
    [
      11.696630992929972,
      3.1341028287204264
    ],
    [
      9.591487860910092,
      5.537648098425469
    ],
    [
      5.645521819649395,
      5.645521819649394
    ],
    [
      3.2422060918427356,
      5.615665679680942
    ],
    [
      1.7667016508678413,
      6.59342032285459
    ],
    [
      3.994825385784622e-16,
      6.5240449549469695
    ],
    [
      -3.147305673722843,
      11.745904681283452
    ],
    [
      -18.233545483123336,
      31.581427178887644
    ],
    [
      -8.735730993473243,
      8.735730993473245
    ],
    [
      -5.529312665693867,
      3.192350155971964
    ],
    [
      -12.799590141683908,
      3.4296398419135663
    ],
    [
      -39.73626035305706,
      4.866288405145721e-15
    ],
    [
      -12.794095998683161,
      -3.4281676907334053
    ],
    [
      -5.856131832594944,
      -3.381039289958625
    ],
    [
      -5.390250747901717,
      -5.390250747901711
    ],
    [
      -3.0180991277672016,
      -5.2275010315721
    ],
    [
      -1.7894895876777295,
      -6.678466060828747
    ],
    [
      -1.9540715861107145e-15,
      -10.637470262017398
    ],
    [
      2.271282022541536,
      -8.476539906442829
    ],
    [
      7.071426641381916,
      -12.248070224869645
    ],
    [
      13.12213284515132,
      -13.122132845151327
    ],
    [
      18.684913615010554,
      -10.787739905411259
    ],
    [
      15.16724149017989,
      -4.064050108701533
    ],
    [
      13.267802917487398,
      0.0
    ]
  ],
  "centers": {
    "COM": [
      -2.780556727909228,
      1.1181582936084669
    ],
    "BBC": [
      -10.525673369023254,
      9.229647166868158
    ],
    "CHC": [
      -10.660864474920942,
      5.637987815582828
    ],
    "ICC": [
      5.80900668149663,
      -1.8633870259210485
    ]
  },
  "distances": {
    "COM-BBC": 11.22,
    "COM-CHC": 9.08,
    "COM-ICC": 9.09,
    "BBC-CHC": 3.59,
    "BBC-ICC": 19.75,
    "CHC-ICC": 18.1
  },
  "variation_id": 1
}