{
  "case_name": "iso_icc",
  "run_id": 50,
  "final_rank": 1,
  "score": 15.498042798783382,
  "separation_deg": 16.067212759377966,
  "area": 562.5417857635927,
  "theta": [
    16.50080984878732,
    6.005953264881622,
    6.857384038279806,
    6.36848849668014,
    6.178777093030961,
    7.71619060115445,
    6.103930222691687,
    15.208964161384191,
    17.228172551987967,
    18.86691947251289,
    17.371121148339178,
    16.651742846097996,
    6.242382165101528,
    6.233832051738455,
    6.970349598220579,
    8.404393413072672,
    9.8614841928982,
    7.342364546234455,
    13.23715588761883,
    18.749858438456535,
    6.244987574341943,
    18.02447948890439,
    29.06189509173415,
    27.06068043282003
  ],
  "center_positions": {
    "center_of_mass": [
      -2.896040013289324,
      3.3497746164222333
    ],
    "convex_hull_center": [
      -2.8236973569765986,
      3.3417972822576787
    ],
    "bounding_box_center": [
      -2.9651654977288224,
      3.4623543378609396
    ],
    "inscribed_circle_center": [
      5.124750722247623,
      -4.341068623416702
    ]
  },
  "rotation_applied": -0.0005576887690769505,
  "vertices_xy": [
    [
      16.500824350323064,
      -0.00012160710516841044
    ],
    [
      5.801335002373619,
      1.5544376254509373
    ],
    [
      5.938716655883985,
      3.4286732185275532
    ],
    [
      4.503259735949487,
      4.503196573377026
    ],
    [
      3.089455132458125,
      5.350986859666806
    ],
    [
      1.9971841318635122,
      7.453287346729757
    ],
    [
      7.391495409284563e-05,
      6.103969226016197
    ],
    [
      -3.936212086434478,
      14.690808592177474
    ],
    [
      -8.613926549029065,
      14.920157938963996
    ],
    [
      -13.340782342185332,
      13.341095556075762
    ],
    [
      -15.043733162699603,
      8.685746006591147
    ],
    [
      -16.08429201534518,
      4.309983743219116
    ],
    [
      -6.242367662488426,
      9.97638730561529e-05
    ],
    [
      -6.021420577292842,
      -1.6133368457534136
    ],
    [
      -6.036519245681434,
      -3.485077039028968
    ],
    [
      -5.942846915853951,
      -5.942706725938446
    ],
    [
      -4.9308107209121905,
      -8.540208832646362
    ],
    [
      -1.90039831001019,
      -7.092122040281346
    ],
    [
      -0.000114341608556729,
      -13.237116883378121
    ],
    [
      4.852658675690823,
      -18.110980735450866
    ],
    [
      3.1224556474500704,
      -5.408309274638016
    ],
    [
      12.745122119896726,
      -12.745316725523779
    ],
    [
      25.168212495631405,
      -14.53115351772837
    ],
    [
      26.138556436381926,
      -7.004034885799502
    ],
    [
      16.500824350323064,
      -0.00012160710516841044
    ]
  ],
  "centers": {
    "COM": [
      4.00715706685562,
      -1.4899183023698719
    ],
    "BBC": [
      5.0271322105183724,
      -1.595411398243435
    ],
    "CHC": [
      4.1357498446071315,
      -2.398490544118629
    ],
    "ICC": [
      -8.188124555866917,
      8.073785830203837
    ]
  },
  "distances": {
    "COM-BBC": 4.52,
    "COM-CHC": 1.95,
    "COM-ICC": 16.07,
    "BBC-CHC": 3.55,
    "BBC-ICC": 19.96,
    "CHC-ICC": 17.96
  },
  "variation_id": 1,
  "optimization_strategy": "tighten"
}