{
  "case_name": "iso_bbc",
  "run_id": 3,
  "final_rank": 1,
  "score": 12.86988223664471,
  "separation_deg": 12.86988223664471,
  "area": 569.28,
  "theta": [
    7.982091689484777,
    14.64138391717134,
    43.87267754478626,
    14.624251565544036,
    9.217161408202024,
    9.314347336801273,
    6.513481323494474,
    6.679806584183648,
    11.86810314396795,
    7.485574406038117,
    22.453526501323438,
    10.18764640747495,
    11.111950661439842,
    8.199172308245068,
    7.515417190381349,
    9.701318769456972,
    13.418666567503074,
    40.253158850526276,
    13.417735029811762,
    6.772939363687234,
    6.0094078898806735,
    7.823981746058239,
    14.157604332863094,
    12.186989161724476
  ],
  "center_positions": {
    "center_of_mass": [
      1.2219805627828724,
      -0.09738913405740002
    ],
    "convex_hull_center": [
      1.38359353962727,
      0.021775626108602453
    ],
    "bounding_box_center": [
      6.064662779732515,
      -6.230613231558129
    ],
    "inscribed_circle_center": [
      -0.3610614287882613,
      2.4636646080625946
    ]
  },
  "rotation_applied": -10.561363571297594,
  "vertices_xy": [
    [
      8.089662063092451,
      -0.8762296954909917
    ],
    [
      14.84026498337097,
      1.7199123395718905
    ],
    [
      41.61466083112929,
      15.187495743499195
    ],
    [
      12.303886770570934,
      8.857150438946448
    ],
    [
      6.236364067001153,
      7.589165228836252
    ],
    [
      4.2617250764010155,
      8.989489181536953
    ],
    [
      1.4366397432865667,
      6.98993332742037
    ],
    [
      -0.27416565889296673,
      7.246568233717982
    ],
    [
      -3.7068767058932757,
      11.778398727439304
    ],
    [
      -3.990472930473942,
      6.760391040823996
    ],
    [
      -16.815374383901638,
      15.187472353561628
    ],
    [
      -8.947723548302642,
      4.982536141429185
    ],
    [
      -10.680911364335387,
      2.6234883652166023
    ],
    [
      -7.931787648800778,
      -0.04774928076383922
    ],
    [
      -6.844233178104703,
      -1.9143132810568395
    ],
    [
      -7.758197648956811,
      -4.899525789955035
    ],
    [
      -8.482856237182562,
      -9.607499034404437
    ],
    [
      -17.125539331552396,
      -35.7265324524931
    ],
    [
      -2.216522670494223,
      -12.603631680021266
    ],
    [
      0.7669605932653164,
      -6.1658301224681065
    ],
    [
      2.242707163890471,
      -5.080066580582904
    ],
    [
      4.667437420328433,
      -5.865894950379452
    ],
    [
      10.998466838465813,
      -8.619357284482515
    ],
    [
      11.236965275555306,
      -4.6716160190926415
    ],
    [
      8.089662063092451,
      -0.8762296954909917
    ]
  ],
  "centers": {
    "COM": [
      3.295766361980347,
      -1.0200347045931797
    ],
    "BBC": [
      12.244560749788448,
      -10.269518354496954
    ],
    "CHC": [
      2.5579157052250876,
      -1.7838547851440936
    ],
    "ICC": [
      -0.837897159978732,
      0.7048317857599214
    ]
  },
  "distances": {
    "COM-BBC": 12.87,
    "COM-CHC": 1.06,
    "COM-ICC": 4.48,
    "BBC-CHC": 12.88,
    "BBC-ICC": 17.08,
    "CHC-ICC": 4.21
  },
  "variation_id": 1
}