{
  "case_name": "iso_com",
  "run_id": 6,
  "final_rank": 1,
  "score": 8.902616116619766,
  "separation_deg": 8.902616116619766,
  "area": 575.0,
  "theta": [
    16.166541661975202,
    23.993859964785962,
    27.451856511074446,
    18.29568440112488,
    14.375919143526588,
    7.135807517365713,
    6.367711441073515,
    6.070738133546403,
    6.227107055520786,
    6.230227502098801,
    12.141909092046618,
    36.42400561440432,
    12.14134986409146,
    7.086698113827522,
    6.750703434358666,
    11.282715121884998,
    33.84812412162333,
    11.282708849104289,
    7.541220248666088,
    7.600415202266488,
    7.469275461389598,
    6.5067568533421465,
    7.139786436386281,
    6.003795991084605
  ],
  "center_positions": {
    "center_of_mass": [
      7.646489434892093,
      4.319658330085002
    ],
    "convex_hull_center": [
      -1.1857491782414884,
      0.6755631642341311
    ],
    "bounding_box_center": [
      0.20632576439668782,
      -3.1528893884985987
    ],
    "inscribed_circle_center": [
      16.627969917150725,
      7.595531213200586
    ]
  },
  "rotation_applied": 0.0,
  "vertices_xy": [
    [
      16.166541661975202,
      0.0
    ],
    [
      23.176289012350075,
      6.210067924409505
    ],
    [
      23.77400511963572,
      13.725928255537221
    ],
    [
      12.937002506484342,
      12.93700250648434
    ],
    [
      7.187959571763296,
      12.449911181045053
    ],
    [
      1.8468828876799845,
      6.8926607724512206
    ],
    [
      3.89909871710233e-16,
      6.367711441073515
    ],
    [
      -1.5712226467919383,
      5.863882747830366
    ],
    [
      -3.1135535277603923,
      5.392832902166316
    ],
    [
      -4.405436115068987,
      4.405436115068988
    ],
    [
      -10.515201724153616,
      6.070954546023313
    ],
    [
      -35.18288771985115,
      9.427226351928992
    ],
    [
      -12.14134986409146,
      1.4868865248387758e-15
    ],
    [
      -6.845224731260032,
      -1.8341724387506713
    ],
    [
      -5.846280667569462,
      -3.3753517171793317
    ],
    [
      -7.978084372880891,
      -7.978084372880882
    ],
    [
      -16.92406206081168,
      -29.31333535977463
    ],
    [
      -2.9201799304949416,
      -10.89825986785004
    ],
    [
      -1.3852996858791195e-15,
      -7.541220248666088
    ],
    [
      1.9671322050332911,
      -7.341437334389254
    ],
    [
      3.734637730694794,
      -6.468582297427129
    ],
    [
      4.600971894530272,
      -4.600971894530275
    ],
    [
      6.183236431506085,
      -3.5698932181931435
    ],
    [
      5.799221603559391,
      -1.5538967454028645
    ],
    [
      16.166541661975202,
      0.0
    ]
  ],
  "centers": {
    "COM": [
      0.8618630466662558,
      1.194757695641489
    ],
    "BBC": [
      -5.704441300107716,
      -7.793703552118704
    ],
    "CHC": [
      -7.381743187663131,
      -2.1667238838279785
    ],
    "ICC": [
      10.323024563361189,
      5.945152457473633
    ]
  },
  "distances": {
    "COM-BBC": 11.13,
    "COM-CHC": 8.9,
    "COM-ICC": 10.59,
    "BBC-CHC": 5.87,
    "BBC-ICC": 21.11,
    "CHC-ICC": 19.47
  },
  "variation_id": 1
}