{
  "case_name": "iso_bbc",
  "run_id": 43,
  "final_rank": 2,
  "score": 13.096883129618364,
  "separation_deg": 13.096883129618364,
  "area": 575.0,
  "theta": [
    11.749092091181627,
    6.9417918945224635,
    6.6463771996383585,
    8.670212820561154,
    9.770657711450088,
    6.096712837932735,
    15.06850331804327,
    45.20505741205275,
    15.074834822296452,
    8.77939323883978,
    6.586058799430926,
    8.898335582832669,
    8.453056560663047,
    8.686427292509833,
    10.5050942847915,
    9.845888480726362,
    23.09997775462231,
    12.414241616257684,
    7.279396775095339,
    7.984278117022157,
    8.362874777682915,
    13.348720401467766,
    40.045944758874924,
    13.348671594346648
  ],
  "center_positions": {
    "center_of_mass": [
      1.2228004626020341,
      0.13275161668733537
    ],
    "convex_hull_center": [
      1.4587250321968168,
      -0.029567334375888592
    ],
    "bounding_box_center": [
      6.119631989464458,
      6.186086135088051
    ],
    "inscribed_circle_center": [
      -0.6632255455228925,
      -1.5768601537310913
    ]
  },
  "rotation_applied": -0.00017964826364039806,
  "vertices_xy": [
    [
      11.749083748589541,
      -3.2079776880087546e-05
    ],
    [
      6.705253362445237,
      1.7966516843693001
    ],
    [
      5.755933575161849,
      3.323175311303496
    ],
    [
      6.130777159918659,
      6.130751815942749
    ],
    [
      4.885347044240181,
      8.461627230991434
    ],
    [
      1.577955517036174,
      5.888972196981021
    ],
    [
      3.89040600900612e-05,
      15.068508076926543
    ],
    [
      -11.699801226922244,
      43.66477387651264
    ],
    [
      -7.537384819702038,
      13.055218306079452
    ],
    [
      -6.207957371592994,
      6.207992717611521
    ],
    [
      -5.7036922484903165,
      3.2930520423257783
    ],
    [
      -8.595133271803174,
      2.303090427135426
    ],
    [
      -8.453064903155829,
      3.126312477873006e-05
    ],
    [
      -8.390459851677754,
      -2.2481817503813795
    ],
    [
      -9.097703331388125,
      -5.252513858062846
    ],
    [
      -6.962124683353207,
      -6.962067923211588
    ],
    [
      -11.550059945065296,
      -20.00512658884734
    ],
    [
      -3.2130881012774246,
      -11.991221757574635
    ],
    [
      -3.116674585730628e-05,
      -7.279392016102215
    ],
    [
      2.066450714226058,
      -7.71222215787361
    ],
    [
      4.1814063378823,
      -7.2424703578519205
    ],
    [
      9.43893277800472,
      -9.438995552492953
    ],
    [
      34.680734355926404,
      -20.023076360441436
    ],
    [
      12.893807464383999,
      -3.454926104458022
    ],
    [
      11.749083748589541,
      -3.2079776880087546e-05
    ]
  ],
  "centers": {
    "COM": [
      1.5177848963150862,
      2.6607128034076495
    ],
    "BBC": [
      11.49046656450208,
      11.820848758035602
    ],
    "CHC": [
      3.810291061312955,
      1.2121903090746216
    ],
    "ICC": [
      -0.2177734815004636,
      -0.5715381166842219
    ]
  },
  "distances": {
    "COM-BBC": 13.54,
    "COM-CHC": 2.71,
    "COM-ICC": 3.67,
    "BBC-CHC": 13.1,
    "BBC-ICC": 17.05,
    "CHC-ICC": 4.41
  },
  "variation_id": 1
}