{
  "case_name": "iso_icc",
  "run_id": 46,
  "final_rank": 2,
  "score": 17.33982677077968,
  "separation_deg": 15.710843335451937,
  "area": 663.9827875644104,
  "theta": [
    7.877759023501078,
    8.041804478710525,
    6.906444955610706,
    8.691903984245673,
    6.94014784132246,
    9.08582673924419,
    15.609585925225943,
    7.896758844969256,
    22.960308408803428,
    23.838217701421783,
    23.47946991467157,
    21.024397116445627,
    9.869891018941598,
    6.273054277615742,
    6.866986199411052,
    9.23563735191967,
    10.434341664282378,
    12.79530499379051,
    7.019123376658314,
    7.168081271582015,
    20.913789557232306,
    25.391679113335485,
    26.11319355622817,
    20.345007191405443
  ],
  "center_positions": {
    "center_of_mass": [
      2.976674913404222,
      -2.7155005009476585
    ],
    "convex_hull_center": [
      2.863411597615528,
      -2.698930071412697
    ],
    "bounding_box_center": [
      3.5073070158740745,
      -2.215611995830625
    ],
    "inscribed_circle_center": [
      -5.084255791432948,
      3.9730370252192015
    ]
  },
  "rotation_applied": 4.6563111643380936e-05,
  "vertices_xy": [
    [
      7.8777589138103465,
      6.1729265641112485e-06
    ],
    [
      7.767784834774191,
      2.0813782396345926
    ],
    [
      5.981153865344167,
      3.45322710940081
    ],
    [
      6.146099144178735,
      6.146109014326496
    ],
    [
      3.470068926487675,
      6.010346927493761
    ],
    [
      2.3515777586622493,
      8.776236382538482
    ],
    [
      -1.2795280302170465e-05,
      15.609585696053237
    ],
    [
      -2.043837892209967,
      7.627681422182115
    ],
    [
      -11.480170473578335,
      19.884200801887896
    ],
    [
      -16.856179196420978,
      16.856151460241538
    ],
    [
      -20.333827063822643,
      11.739718203285594
    ],
    [
      -20.30801268882145,
      5.4414976524611935
    ],
    [
      -9.869891128626469,
      -8.250226716766609e-06
    ],
    [
      -6.059303926693122,
      -1.6235910714495272
    ],
    [
      -5.946981815483464,
      -3.4334981618649727
    ],
    [
      -6.5305766025374865,
      -6.530587336558218
    ],
    [
      -5.217163598125564,
      -9.036409422087852
    ],
    [
      -3.3116586858117043,
      -12.359318469236767
    ],
    [
      5.594610303993817e-06,
      -7.019123605823549
    ],
    [
      1.8552414670987465,
      -6.923833546612895
    ],
    [
      10.456909388074445,
      -18.11186477702131
    ],
    [
      17.954642968418725,
      -17.954614124553526
    ],
    [
      22.61469949476805,
      -13.056578628780748
    ],
    [
      19.651772051827685,
      -5.265659592458283
    ],
    [
      7.8777589138103465,
      6.1729265641112485e-06
    ]
  ],
  "centers": {
    "COM": [
      0.2819899814639254,
      -0.13497105379831925
    ],
    "BBC": [
      1.140436215472704,
      0.8861680124332931
    ],
    "CHC": [
      0.19460853557064905,
      0.1201728367021288
    ],
    "ICC": [
      13.974663878489064,
      -10.7736858774966
    ]
  },
  "distances": {
    "COM-BBC": 1.31,
    "COM-CHC": 0.06,
    "COM-ICC": 15.72,
    "BBC-CHC": 1.26,
    "BBC-ICC": 15.91,
    "CHC-ICC": 15.71
  },
  "variation_id": 1,
  "optimization_strategy": "boost_area"
}