{
  "case_name": "iso_chc",
  "run_id": 21,
  "final_rank": 2,
  "score": 9.083990980828617,
  "separation_deg": 9.083990980828617,
  "area": 557.34,
  "theta": [
    6.1333174494986284,
    6.096746233867412,
    10.947981577823157,
    32.83088756221315,
    10.959953264195413,
    6.173363620805953,
    6.000019127931047,
    6.000015097386608,
    6.000001940877883,
    6.892562740500168,
    7.101993889985657,
    10.287149285795962,
    18.345394476932697,
    36.50245580951031,
    21.829156655609125,
    16.359818173473784,
    13.758394805438208,
    6.000066250128079,
    6.001323799513536,
    6.000034978452373,
    6.001830045056153,
    9.958277663258656,
    29.85910486916798,
    9.953101765069107
  ],
  "center_positions": {
    "center_of_mass": [
      -5.0379164896854505,
      -1.605562675718417
    ],
    "convex_hull_center": [
      4.193756401033342,
      -0.2419983468692582
    ],
    "bounding_box_center": [
      -4.674504077417584,
      4.1458877648371315
    ],
    "inscribed_circle_center": [
      -10.270687794908502,
      -3.6653100455447496
    ]
  },
  "rotation_applied": 0.0,
  "vertices_xy": [
    [
      6.1333174494986284,
      0.0
    ],
    [
      5.889004643623146,
      1.5779540384819533
    ],
    [
      9.481230166558896,
      5.4739907889115775
    ],
    [
      23.214943227614,
      23.214943227613997
    ],
    [
      5.479976632097707,
      9.491597951083408
    ],
    [
      1.597784077407638,
      5.963011356409863
    ],
    [
      3.673952109921825e-16,
      6.000019127931047
    ],
    [
      -1.5529181781063093,
      5.795569540690044
    ],
    [
      -3.0000009704389408,
      5.196154103556185
    ],
    [
      -4.873777853561402,
      4.8737778535614025
    ],
    [
      -6.150507126249444,
      3.5509969449928307
    ],
    [
      -9.936623174041463,
      2.662510154976792
    ],
    [
      -18.345394476932697,
      2.246662862527116e-15
    ],
    [
      -35.25866478938145,
      -9.447530756514405
    ],
    [
      -18.904604206947663,
      -10.914578327804557
    ],
    [
      -11.568138369442236,
      -11.568138369442224
    ],
    [
      -6.87919740271911,
      -11.915119416805343
    ],
    [
      -1.5529314174100164,
      -5.795618950444115
    ],
    [
      -1.1024252972581624e-15,
      -6.001323799513536
    ],
    [
      1.5529233237047642,
      -5.795588744324921
    ],
    [
      3.0009150225280723,
      -5.1977372882153325
    ],
    [
      7.04156566462872,
      -7.041565664628724
    ],
    [
      25.85874335096309,
      -14.929552434584002
    ],
    [
      9.613958046563559,
      -2.576052294643408
    ],
    [
      6.1333174494986284,
      0.0
    ]
  ],
  "centers": {
    "COM": [
      -4.352953624276132,
      -1.8957330297658703
    ],
    "BBC": [
      -4.69996071920918,
      4.1426953965149975
    ],
    "CHC": [
      4.604941293437354,
      -0.3874191423476838
    ],
    "ICC": [
      -9.866440838494894,
      -4.664567824881086
    ]
  },
  "distances": {
    "COM-BBC": 6.05,
    "COM-CHC": 9.08,
    "COM-ICC": 6.17,
    "BBC-CHC": 10.35,
    "BBC-ICC": 10.21,
    "CHC-ICC": 15.09
  },
  "variation_id": 3
}