{
  "case_name": "iso_com",
  "run_id": 50,
  "final_rank": 2,
  "score": 8.885343067779226,
  "separation_deg": 8.885343067779226,
  "area": 550.91,
  "theta": [
    15.005195518043973,
    11.52728683903144,
    10.977218242110663,
    9.704448518869306,
    6.18990724502796,
    6.871060147068004,
    6.0025117888719315,
    12.086100997630837,
    36.252617878765776,
    12.095251567837046,
    6.104725200866135,
    13.093951233832552,
    38.36729351010149,
    12.792128821925584,
    6.033731917244374,
    7.3664243317768054,
    6.877091802089671,
    10.25216562119337,
    10.453647474255284,
    9.338815447994293,
    12.140420062943338,
    14.635037989182578,
    17.406483648708146,
    19.058222018997995
  ],
  "center_positions": {
    "center_of_mass": [
      2.854244426186788,
      0.6562341441660392
    ],
    "convex_hull_center": [
      -5.0975951330896905,
      5.45049245006275
    ],
    "bounding_box_center": [
      -1.906168123442745,
      9.742829011754239
    ],
    "inscribed_circle_center": [
      10.531619455330974,
      -4.566298920023735
    ]
  },
  "rotation_applied": 0.0,
  "vertices_xy": [
    [
      15.005195518043973,
      0.0
    ],
    [
      11.134504064862545,
      2.983481372300972
    ],
    [
      9.506549860553793,
      5.4886091210553305
    ],
    [
      6.862081355368234,
      6.8620813553682325
    ],
    [
      3.094953622513981,
      5.360616921263562
    ],
    [
      1.7783612261061281,
      6.636934450038548
    ],
    [
      3.675478424543132e-16,
      6.0025117888719315
    ],
    [
      -3.128113119219435,
      11.6742770927497
    ],
    [
      -18.12630893938288,
      31.39568803670109
    ],
    [
      -8.552634403774796,
      8.552634403774796
    ],
    [
      -5.2868471070731315,
      3.0523626004330695
    ],
    [
      -12.647785664928472,
      3.388963954959518
    ],
    [
      -38.36729351010149,
      4.698638318909281e-15
    ],
    [
      -12.356247602314676,
      -3.310846566519208
    ],
    [
      -5.2253651199586155,
      -3.0168659586221858
    ],
    [
      -5.208848598096964,
      -5.208848598096958
    ],
    [
      -3.4385459010448387,
      -5.9557362047673585
    ],
    [
      -2.6534557163101673,
      -9.902831548903583
    ],
    [
      -1.920303887814232e-15,
      -10.453647474255284
    ],
    [
      2.417063296638548,
      -9.020603028165004
    ],
    [
      6.070210031471661,
      -10.513912187123209
    ],
    [
      10.348534605073732,
      -10.348534605073738
    ],
    [
      15.074457030339696,
      -8.70324182435408
    ],
    [
      18.40882885130115,
      -4.932630824308911
    ],
    [
      15.005195518043973,
      0.0
    ]
  ],
  "centers": {
    "COM": [
      -2.8328719000819276,
      1.6020060724163852
    ],
    "BBC": [
      -9.97923232940017,
      10.440887924788942
    ],
    "CHC": [
      -10.565992010795703,
      5.977868819967607
    ],
    "ICC": [
      5.31677622182244,
      -1.9580968047703013
    ]
  },
  "distances": {
    "COM-BBC": 11.37,
    "COM-CHC": 8.89,
    "COM-ICC": 8.89,
    "BBC-CHC": 4.5,
    "BBC-ICC": 19.69,
    "CHC-ICC": 17.76
  },
  "variation_id": 2
}