{
  "case_name": "pair_com_chc_vs_bbc_icc",
  "run_id": 5,
  "final_rank": 5,
  "score": 9.265108091759922,
  "separation_deg": 7.346612468181224,
  "area": 675.0013242504957,
  "theta": [
    6.421475284687311,
    7.704721432317949,
    6.145659482664856,
    14.395981805073651,
    18.669154244502693,
    18.986872731808838,
    41.9481342977265,
    14.294300501932927,
    8.41344897081626,
    9.631371405237555,
    6.87670069631526,
    6.62039841955502,
    9.900088664736867,
    11.859233943736317,
    16.02411310784077,
    19.58235877377767,
    21.15879960803243,
    12.337397174027632,
    16.12054282506799,
    6.778197837198826,
    16.561658108610732,
    25.91413397115643,
    12.629069088579332,
    8.363022114329695
  ],
  "center_positions": {
    "center_of_mass": [
      2.1777797370856185,
      2.339574192206321
    ],
    "convex_hull_center": [
      3.750670532012353,
      3.026247112454713
    ],
    "bounding_box_center": [
      3.215899709530401,
      4.677086124835685
    ],
    "inscribed_circle_center": [
      0.6262373572656722,
      -0.21194415539204042
    ]
  },
  "rotation_applied": 9.459865056001593e-06,
  "vertices_xy": [
    [
      6.421475737708445,
      1.0068194845813397e-06
    ],
    [
      7.44218953961774,
      1.9941298192387296
    ],
    [
      5.322297180675657,
      3.072830566671208
    ],
    [
      10.17949512853301,
      10.179497983496125
    ],
    [
      9.334574905848298,
      16.16796333069866
    ],
    [
      4.914161694925523,
      18.339911490071287
    ],
    [
      -6.472858712843286e-06,
      41.948134244322645
    ],
    [
      -3.6996390329517985,
      13.80723335931881
    ],
    [
      -4.206725235390667,
      7.286259794212966
    ],
    [
      -6.810408704186179,
      6.810406854928499
    ],
    [
      -5.955397611901407,
      3.4383493114836865
    ],
    [
      -6.394813643656546,
      1.7134840879233686
    ],
    [
      -9.90008821171551,
      -1.6879652571068744e-06
    ],
    [
      -11.4551393864625,
      -3.069397549678486
    ],
    [
      -13.877287248646967,
      -8.012058898544344
    ],
    [
      -13.84681594135471,
      -13.846821020159123
    ],
    [
      -10.579396325586753,
      -18.324059774263517
    ],
    [
      -3.193150935043647,
      -11.917011140190283
    ],
    [
      3.114616209631504e-06,
      -16.12054287847105
    ],
    [
      1.754328225747609,
      -6.5472361104007435
    ],
    [
      8.280831875408568,
      -14.342815337039683
    ],
    [
      18.324063338010774,
      -18.324056887576006
    ],
    [
      10.937096152445784,
      -6.3145327919151875
    ],
    [
      8.07805985645181,
      -2.1645081174709944
    ],
    [
      6.421475737708445,
      1.0068194845813397e-06
    ]
  ],
  "centers": {
    "COM": [
      0.3234490753741416,
      2.743823894088192
    ],
    "BBC": [
      2.2233880446819034,
      11.812037235029564
    ],
    "CHC": [
      1.1938212447848102,
      2.604311122870014
    ],
    "ICC": [
      2.9591326005728487,
      11.72374788832265
    ]
  },
  "distances": {
    "COM-BBC": 7.35,
    "COM-CHC": 0.46,
    "COM-ICC": 7.39,
    "BBC-CHC": 7.35,
    "BBC-ICC": 0.71,
    "CHC-ICC": 7.35
  },
  "variation_id": 1,
  "optimization_strategy": "boost_area"
}