{
  "case_name": "pair_com_bbc_vs_chc_icc",
  "score": 9.99,
  "area": 541.79,
  "theta": [
    5.434859255060437,
    5.952970366795216,
    5.7073774776772686,
    28.06180904603579,
    6.249158881824571,
    6.404881594108705,
    6.699200546224039,
    6.802382783078487,
    28.93782004164861,
    6.65458774380679,
    17.9968924182153,
    7.135416485097234,
    10.828391548490817,
    6.109885210803258,
    9.489892753844096,
    9.873458718753682,
    13.140217863674906,
    22.607602185266813,
    42.368914006052336,
    23.112664405697593,
    7.760430172750897,
    7.287543937453253,
    5.348660590633645,
    7.859262698584258
  ],
  "rotation_applied": 7.509211397346475,
  "vertices_xy": [
    [
      4.131884017698912,
      0.7268904815533835
    ],
    [
      4.243096014531961,
      2.2956200302096352
    ],
    [
      3.2710432010501402,
      3.4917919059737805
    ],
    [
      15.823002415893082,
      22.282308789483295
    ],
    [
      1.134156198092084,
      5.790487107167523
    ],
    [
      -0.4213812482522128,
      6.366853989945021
    ],
    [
      -2.131854083082949,
      6.65838001502288
    ],
    [
      -3.860534670453624,
      6.30079636051329
    ],
    [
      -18.87628452445392,
      22.971716470885653
    ],
    [
      -6.5364557767923674,
      4.066840244706539
    ],
    [
      -17.88443271985316,
      6.901072094150851
    ],
    [
      -8.330886795373143,
      0.9468541144456619
    ],
    [
      -11.991890934638077,
      -1.3984819530097523
    ],
    [
      -6.900787061551126,
      -2.3224265993284012
    ],
    [
      -8.78427438633908,
      -5.761658280690087
    ],
    [
      -7.265686578308426,
      -7.817474945874568
    ],
    [
      -6.282957019438202,
      -12.124153891112444
    ],
    [
      -4.203645823587843,
      -22.398032412241392
    ],
    [
      4.280641139743105,
      -41.988919712017974
    ],
    [
      7.591901442530325,
      -21.335262609331174
    ],
    [
      3.4688751735241046,
      -6.139370882054848
    ],
    [
      4.5259453381227,
      -4.418813377161427
    ],
    [
      3.6854819065630573,
      -2.0294165989774258
    ],
    [
      6.53582529435306,
      -1.0079541786408457
    ],
    [
      4.131884017698912,
      0.7268904815533835
    ]
  ],
  "centers": {
    "COM": [
      -0.7549096466883398,
      -9.564107193200899
    ],
    "BBC": [
      -1.526641054280418,
      -9.50860162056616
    ],
    "CHC": [
      -0.948952368975245,
      0.46865872493083627
    ],
    "ICC": [
      -1.748674478733702,
      0.482902479831614
    ]
  },
  "parent_file": "pair_com_bbc_vs_chc_icc_02_boost_area.json",
  "note": "Super Polished V6 (Valid Geometry)"
}