{
  "case": "pair_com_bbc_vs_chc_icc",
  "score": 7.214513648209953,
  "theta": [
    7.6029397126080696,
    7.003514330065974,
    7.971483247524306,
    23.820821405691788,
    7.938011435612621,
    6.726647501718542,
    8.758337983934428,
    8.93331853118206,
    26.80482701010999,
    8.930320473052646,
    18.95561175418579,
    8.448617837070188,
    9.59985629622454,
    6.920828467170871,
    7.67463415657943,
    8.775771265571993,
    16.717843194574634,
    22.458696185114107,
    38.15838223305897,
    21.097590948855157,
    10.597635438583609,
    9.29446153966444,
    8.471078328038963,
    6.43212022880823
  ],
  "success": true,
  "rotation_applied": 3.85281760052555e-05,
  "vertices_xy": [
    [
      7.60293495575123,
      5.72407873375032e-06
    ],
    [
      6.764869390439678,
      1.8126480517968755
    ],
    [
      6.903499561155293,
      3.9857468775109846
    ],
    [
      16.843848265991863,
      16.843876287473204
    ],
    [
      3.968996338224121,
      6.874522839233701
    ],
    [
      1.7409753571173598,
      6.4974443284962
    ],
    [
      -1.064634279754487e-05,
      8.758338595463595
    ],
    [
      -2.3121235311552564,
      8.628922140499274
    ],
    [
      -13.402433871783229,
      23.213652733962235
    ],
    [
      -6.314699167790796,
      6.31468652992178
    ],
    [
      -16.416052453540413,
      9.477795449761192
    ],
    [
      -8.160744392533372,
      2.1866583249217357
    ],
    [
      -9.599861053077491,
      -5.843830071680369e-06
    ],
    [
      -6.6850105081013105,
      -1.791246098949604
    ],
    [
      -6.646430320824138,
      -3.8373209361052782
    ],
    [
      -6.205407956095716,
      -6.2054109332814695
    ],
    [
      -8.358916618451472,
      -14.478081912354721
    ],
    [
      -5.812728470122981,
      -21.693437967183677
    ],
    [
      2.0902501969711254e-05,
      -38.158381621519204
    ],
    [
      5.460467290020155,
      -20.37870368659607
    ],
    [
      5.2988191340021356,
      -9.177817335170761
    ],
    [
      6.572176444735405,
      -6.572171751223926
    ],
    [
      7.336167120833659,
      -4.235533619328013
    ],
    [
      6.212947409399561,
      -1.6647504262145283
    ],
    [
      7.60293495575123,
      5.72407873375032e-06
    ]
  ],
  "separation_deg": 6.78427594774474,
  "area": 575.0044393974872,
  "centers": {
    "COM": [
      -0.9094187387151123,
      -7.0739842551358745
    ],
    "BBC": [
      0.2138979062257249,
      -7.472364443778485
    ],
    "CHC": [
      -0.7944955144831684,
      0.13961400320509165
    ],
    "ICC": [
      -0.2356042985263364,
      0.10923940970628276
    ]
  },
  "distances": {
    "COM-BBC": 0.65,
    "COM-CHC": 6.78,
    "COM-ICC": 7.21,
    "BBC-CHC": 6.99,
    "BBC-ICC": 7.62,
    "CHC-ICC": 2.48
  },
  "variation_id": 3,
  "optimization_strategy": "tighten"
}