{
  "case_name": "pair_com_chc_vs_bbc_icc",
  "score": 9.05,
  "area": 578.83,
  "theta": [
    5.330534737935686,
    7.825824100935424,
    5.001939417161785,
    12.356718418167262,
    16.718091241371866,
    17.58345953720374,
    38.77944691364818,
    12.553766152049208,
    8.39776440283289,
    5.443909574133108,
    7.14881154337499,
    8.815106364714888,
    8.184575528983961,
    6.006261134779366,
    6.623515287187103,
    20.932888692397373,
    19.924764911181583,
    13.002110832819797,
    17.09779493248415,
    6.227686056233518,
    16.80251776956639,
    25.126305531217493,
    15.06823375215441,
    9.695188269642081
  ],
  "rotation_applied": 1.0570320181617336,
  "vertices_xy": [
    [
      5.359092601727677,
      0.07601974842498818
    ],
    [
      7.549979034471576,
      2.1422603758695518
    ],
    [
      4.314397427910031,
      2.558139681798255
    ],
    [
      8.604310842143144,
      8.87490308677646
    ],
    [
      8.119997766109238,
      14.607716549086428
    ],
    [
      4.266304116137352,
      17.043065379690443
    ],
    [
      -0.6859244009433434,
      38.75053167757821
    ],
    [
      -3.442832120617526,
      12.041688155679186
    ],
    [
      -4.302866446563263,
      7.171664171398534
    ],
    [
      -3.8903181611411353,
      3.7554414366125064
    ],
    [
      -6.226473245280221,
      3.4372711346507074
    ],
    [
      -8.525913571804747,
      2.1017362506598065
    ],
    [
      -8.153717768650598,
      -0.1733021743861689
    ],
    [
      -5.742473003244863,
      -1.6836121772988288
    ],
    [
      -5.6445972766322745,
      -3.4393282470668947
    ],
    [
      -14.496745632855383,
      -15.094642827042689
    ],
    [
      -9.612901585984503,
      -17.458514716611724
    ],
    [
      -3.103470955174111,
      -12.64133338898833
    ],
    [
      0.344878981590729,
      -17.117201413336787
    ],
    [
      1.7520059162953747,
      -6.007040464981356
    ],
    [
      8.697733355419414,
      -14.41626362070863
    ],
    [
      18.12118146783723,
      -17.458514716611045
    ],
    [
      13.215704229122032,
      -7.314418812397177
    ],
    [
      9.438994736412115,
      -2.358429321162073
    ],
    [
      5.359092601727677,
      0.07601974842498818
    ]
  ],
  "centers": {
    "COM": [
      1.2243261809433132,
      1.5859276574499233
    ],
    "BBC": [
      1.8122179174909228,
      10.646008480483243
    ],
    "CHC": [
      1.0393202982468277,
      1.6314591732372177
    ],
    "ICC": [
      2.4160260330535097,
      10.591116833613917
    ]
  },
  "parent_file": "pair_com_chc_vs_bbc_icc_02_boost_area.json",
  "note": "Super Polished V6 (Valid Geometry)"
}