{
  "case": "pair_com_chc_vs_bbc_icc",
  "score": 8.075613135745996,
  "theta": [
    6.5816924803176144,
    9.131492792220484,
    6.184254968257855,
    9.531654695438778,
    12.464974792882217,
    13.082220434709122,
    31.367558740990795,
    13.644726961947795,
    13.030803287626453,
    10.353541517031106,
    6.90273020817672,
    9.181020236871213,
    6.400455946528,
    11.054788002457512,
    15.309731700703104,
    24.311169477495383,
    14.553955262191936,
    15.174583770115023,
    16.078387715283597,
    7.908803949557205,
    19.850127555290527,
    23.94960050767088,
    10.888984782373415,
    9.456800950713406
  ],
  "success": true,
  "rotation_applied": 0.0002568861674648456,
  "vertices_xy": [
    [
      6.581688071789096,
      3.120795297974286e-05
    ],
    [
      8.820329715682018,
      2.363445489790701
    ],
    [
      5.355703633892516,
      3.0921531954002037
    ],
    [
      6.739863044148517,
      6.739929588273057
    ],
    [
      6.232434588499881,
      10.795014470348866
    ],
    [
      3.3858667365724817,
      12.636471462677052
    ],
    [
      -0.0001450452076203212,
      31.36756043954823
    ],
    [
      -3.531578703134176,
      13.179780030366697
    ],
    [
      -6.5154566486439105,
      11.284979165696898
    ],
    [
      -7.321096648416824,
      7.321028290749384
    ],
    [
      -5.97795959838154,
      3.4513400007773263
    ],
    [
      -8.86819962066744,
      2.3761848290337055
    ],
    [
      -6.400460354926035,
      -2.6997631848972082e-05
    ],
    [
      -10.67809681590842,
      -2.8612358510908487
    ],
    [
      -13.258586665598743,
      -7.65492359653429
    ],
    [
      -17.19052013021717,
      -17.19066817125172
    ],
    [
      -7.27692552890655,
      -12.604125909998823
    ],
    [
      -3.9274099724926024,
      -14.657538276575508
    ],
    [
      6.767914049316525e-05,
      -16.078386016249283
    ],
    [
      2.0469789285987066,
      -7.639307113469278
    ],
    [
      9.925136443814651,
      -17.19066853308061
    ],
    [
      16.934996444945796,
      -16.934847298744426
    ],
    [
      9.430157444833347,
      -5.444448412149173
    ],
    [
      9.134574837653444,
      -2.4475575379680063
    ],
    [
      6.581688071789096,
      3.120795297974286e-05
    ]
  ],
  "separation_deg": 7.759616625722308,
  "area": 571.7951406456142,
  "centers": {
    "COM": [
      -0.378918037843763,
      -0.9832606868666512
    ],
    "BBC": [
      -0.12776184263568702,
      7.08844595323381
    ],
    "CHC": [
      -0.07139452621072828,
      -0.9869720251295074
    ],
    "ICC": [
      -0.24631220633839412,
      7.112156025974354
    ]
  },
  "distances": {
    "COM-BBC": 7.77,
    "COM-CHC": 0.31,
    "COM-ICC": 7.76,
    "BBC-CHC": 7.76,
    "BBC-ICC": 0.57,
    "CHC-ICC": 7.78
  },
  "variation_id": 1,
  "optimization_strategy": "tighten"
}