{
  "case_name": "pair_com_icc_vs_chc_bbc",
  "score": 15.75,
  "area": 520.0,
  "theta": [
    6.489013087379118,
    42.066248660647425,
    6.449480099559338,
    7.380875066863586,
    6.623809169485673,
    42.392535890964275,
    8.376412923198677,
    7.046353613766652,
    5.982333535144583,
    6.504845008824367,
    9.867262451019025,
    10.142025464521618,
    8.722768949759669,
    13.58783232845455,
    18.85352306288485,
    31.016991847532022,
    18.760681323396856,
    13.516490297021129,
    11.157903612944068,
    9.515645311539949,
    9.810858726528403,
    7.390762263022151,
    6.886997119346934,
    5.986823074533165
  ],
  "rotation_applied": -0.20931656027327947,
  "vertices_xy": [
    [
      6.494757875391744,
      -0.030380983442651634
    ],
    [
      40.67816792033674,
      10.732356432732802
    ],
    [
      5.602945223101196,
      3.197638626480563
    ],
    [
      5.243886655511096,
      5.193290437389449
    ],
    [
      3.3386270588011273,
      5.717574534949315
    ],
    [
      11.127304183421776,
      40.9010135441071
    ],
    [
      0.03638926286534669,
      8.369682062323202
    ],
    [
      -1.7930652684229915,
      6.806197106411815
    ],
    [
      -2.96643174021315,
      5.185070773987692
    ],
    [
      -4.5769976471310665,
      4.60971794352721
    ],
    [
      -8.521431020937493,
      4.958141498876305
    ],
    [
      -9.781001254212109,
      2.6540457751935973
    ],
    [
      -8.716922651115649,
      0.025191535791368243
    ],
    [
      -13.131810224971955,
      -3.475492902860603
    ],
    [
      -16.356171240184153,
      -9.373724592778158
    ],
    [
      -22.006515196882347,
      -21.858729495671167
    ],
    [
      -9.43384523733231,
      -16.219524385093585
    ],
    [
      -3.5402103079010776,
      -13.049734624344389
    ],
    [
      -0.03497457726711622,
      -11.164504118230658
    ],
    [
      2.4350233325386115,
      -9.207018535184831
    ],
    [
      4.880145009528622,
      -8.520991940175678
    ],
    [
      5.212719207141514,
      -5.251790326842247
    ],
    [
      5.957482772122356,
      -3.4719397062094774
    ],
    [
      5.782915792953979,
      -1.577294596922836
    ],
    [
      6.494757875391744,
      -0.030380983442651634
    ]
  ],
  "centers": {
    "COM": [
      -1.8242276367009442,
      -1.5876974200307132
    ],
    "BBC": [
      9.335826361727197,
      9.521142024217967
    ],
    "CHC": [
      9.425001913285959,
      9.430818640962755
    ],
    "ICC": [
      -1.6348709079215442,
      -2.3075986073027424
    ]
  },
  "parent_file": "pair_com_icc_vs_chc_bbc_01_boost_area.json",
  "note": "Super Polished V4 (Powell Optimized)"
}