{
  "case": "pair_com_icc_vs_chc_bbc",
  "score": 8.326554400064666,
  "theta": [
    10.466358233381694,
    31.411295693479367,
    10.465933815858392,
    6.652650284135406,
    11.331927678360792,
    34.00431885796769,
    11.329013043358742,
    7.1807416931568895,
    13.887253110056506,
    10.582780150700927,
    10.852486642026896,
    7.353868307041568,
    10.793856649180334,
    13.37402313969752,
    17.29002730654323,
    25.814688317754005,
    18.270318541989425,
    12.684455996108063,
    11.131243900357155,
    10.02680105396119,
    8.039880635946467,
    9.70294409344875,
    7.857127907639853,
    13.912120238551825
  ],
  "success": true,
  "rotation_applied": 0.00018955929140901867,
  "vertices_xy": [
    [
      10.466358896599427,
      3.5447718940136524e-05
    ],
    [
      30.34095551360098,
      8.129942758369154
    ],
    [
      9.063747909160988,
      5.232997715231227
    ],
    [
      4.704119228707851,
      4.704150512531176
    ],
    [
      5.665932034324766,
      9.813756809186803
    ],
    [
      8.800857331750962,
      32.84567972797647
    ],
    [
      -3.6818014238064624e-05,
      11.329013863762727
    ],
    [
      -1.858534992373372,
      6.936058524992767
    ],
    [
      -6.943665681301829,
      12.02669182996502
    ],
    [
      -7.483179702575717,
      7.483131671267385
    ],
    [
      -9.398546415266727,
      5.426213047038659
    ],
    [
      -7.1032969545982585,
      1.9032984927249286
    ],
    [
      -10.793855985846248,
      -3.48902937810039e-05
    ],
    [
      -12.918302236691407,
      -3.4614938170979537
    ],
    [
      -14.97357361478106,
      -8.64506237193163
    ],
    [
      -18.25368010903254,
      -18.25380073442867
    ],
    [
      -9.135106259778018,
      -15.822589395113484
    ],
    [
      -3.282937589528135,
      -12.252253680052831
    ],
    [
      3.749025815359525e-05,
      -11.131243079830249
    ],
    [
      2.5951597801443222,
      -9.685136686758543
    ],
    [
      4.019964016993232,
      -6.962726753913866
    ],
    [
      6.861040928411193,
      -6.860994046225872
    ],
    [
      6.804486029431182,
      -3.928540621186319
    ],
    [
      13.43808881280667,
      -3.6006763960226253
    ],
    [
      10.466358896599427,
      3.5447718940136524e-05
    ]
  ],
  "separation_deg": 8.048487887275373,
  "area": 574.9759374161874,
  "centers": {
    "COM": [
      -0.2479919347278333,
      0.200480474503955
    ],
    "BBC": [
      6.0436377022842205,
      7.295939496773899
    ],
    "CHC": [
      5.292115371392643,
      6.416485559275585
    ],
    "ICC": [
      -0.2190427645437532,
      -0.8630107528386404
    ]
  },
  "distances": {
    "COM-BBC": 8.81,
    "COM-CHC": 8.05,
    "COM-ICC": 2.48,
    "BBC-CHC": 0.81,
    "BBC-ICC": 11.29,
    "CHC-ICC": 10.53
  },
  "variation_id": 1,
  "optimization_strategy": "tighten"
}