{
  "case": "pair_com_bbc_vs_chc_icc",
  "score": 6.969712022510431,
  "theta": [
    6.099144371086562,
    9.695765787247186,
    8.270511958274186,
    24.779754493286887,
    8.66045176060085,
    7.488755221888931,
    6.995860984328164,
    8.735285870275932,
    26.211849337620663,
    8.733817621993698,
    19.810790794731137,
    8.923830355864204,
    9.636067918714431,
    7.0896299069886535,
    6.216325369690249,
    11.175489562801815,
    16.457481995419137,
    22.19700170667393,
    36.3502899132709,
    20.995061157263393,
    7.570048280100231,
    12.697592186340799,
    8.446622129591587,
    9.66687477783909
  ],
  "success": true,
  "rotation_applied": -2.848109575085671e-05,
  "vertices_xy": [
    [
      6.099147506690509,
      -3.4120427146780794e-06
    ],
    [
      9.365394962574715,
      2.5094438069352623
    ],
    [
      7.1624786493620745,
      4.1352520385247855
    ],
    [
      17.521944283901558,
      17.521923348155
    ],
    [
      4.330232744156426,
      7.500168700196101
    ],
    [
      1.9382392068735963,
      7.23358073187913
    ],
    [
      6.613169511053546e-06,
      6.995860604101524
    ],
    [
      -2.2608510177811136,
      8.437638965738262
    ],
    [
      -13.105910249222747,
      22.70013354113084
    ],
    [
      -6.175735460660243,
      6.175744355824375
    ],
    [
      -17.15664003782719,
      9.905403545517828
    ],
    [
      -8.619753926440863,
      2.3096611559216895
    ],
    [
      -9.636064783108539,
      4.409756582967345e-06
    ],
    [
      -6.848054402510103,
      -1.834928218789719
    ],
    [
      -5.383494097769239,
      -3.10816038899459
    ],
    [
      -7.902265245458883,
      -7.902260905033536
    ],
    [
      -8.228744946911801,
      -14.252593780166226
    ],
    [
      -5.745014308167588,
      -21.440654739102918
    ],
    [
      -1.4933720766803678e-05,
      -36.350290293492186
    ],
    [
      5.433914735396303,
      -20.279674877684563
    ],
    [
      3.785024016812062,
      -6.555856380159936
    ],
    [
      8.978552212167228,
      -8.978558383066828
    ],
    [
      7.314990376636891,
      -4.223315081221022
    ],
    [
      9.337485899318574,
      -2.501976320911042
    ],
    [
      6.099147506690509,
      -3.4120427146780794e-06
    ]
  ],
  "separation_deg": 6.93528230641478,
  "area": 573.9280414343219,
  "centers": {
    "COM": [
      -0.7649034207627334,
      -6.307935712656036
    ],
    "BBC": [
      0.18265212303718315,
      -6.825078376180674
    ],
    "CHC": [
      -0.7067201034580328,
      0.6615334477832195
    ],
    "ICC": [
      -0.24984609840780972,
      0.6427242474362038
    ]
  },
  "distances": {
    "COM-BBC": 2.5,
    "COM-CHC": 6.94,
    "COM-ICC": 7.17,
    "BBC-CHC": 7.77,
    "BBC-ICC": 8.09,
    "CHC-ICC": 0.4
  },
  "variation_id": 1,
  "optimization_strategy": "tighten"
}