{
  "case": "pair_com_icc_vs_chc_bbc",
  "score": 7.580779233576233,
  "theta": [
    14.887510276832124,
    9.798897000523226,
    10.797278028619544,
    11.34171204808176,
    8.623469520006218,
    25.610636183305495,
    9.376742469442576,
    7.1952930101091095,
    10.566681189149229,
    31.52074085195658,
    10.50511858845967,
    8.821040922110463,
    26.46794481481099,
    9.029186581711123,
    7.733989249045987,
    7.63181889953662,
    10.55173950685635,
    10.327885732291008,
    10.847351522467498,
    10.530806826685875,
    16.013903365849913,
    21.50532831950595,
    19.53374254435603,
    16.529556037456217
  ],
  "success": true,
  "rotation_applied": 6.756789665320838,
  "vertices_xy": [
    [
      14.819101428928578,
      1.6412429398963553
    ],
    [
      9.13587082424911,
      3.5217844291948244
    ],
    [
      8.685586604217455,
      6.350953990259634
    ],
    [
      7.055521809866907,
      8.79732227428288
    ],
    [
      3.4381147121605315,
      7.813223096780085
    ],
    [
      3.7069258398392386,
      25.23568869394341
    ],
    [
      -1.0682293258603455,
      9.20126827510312
    ],
    [
      -2.6320692432501205,
      6.572392646572842
    ],
    [
      -6.288316532169514,
      8.355496093217562
    ],
    [
      -24.721091741306072,
      19.401018198686664
    ],
    [
      -9.61750992701666,
      4.0353389798455135
    ],
    [
      -8.694913281206006,
      1.1543715564009571
    ],
    [
      -26.249120241157634,
      -3.2244363234307776
    ],
    [
      -8.35100617131843,
      -3.45717425541519
    ],
    [
      -6.161347935414601,
      -4.738518571235701
    ],
    [
      -4.689110606493208,
      -6.104304684704369
    ],
    [
      -4.129093422835644,
      -9.805687262987329
    ],
    [
      -1.4457721493988906,
      -10.331530214898924
    ],
    [
      1.3112380149766458,
      -10.882359708095116
    ],
    [
      3.9384198806134196,
      -9.890999716400657
    ],
    [
      9.618024824550826,
      -12.940413841062005
    ],
    [
      16.925068062901286,
      -13.422165457673557
    ],
    [
      17.983336607023805,
      -7.81904623242645
    ],
    [
      16.393771046110338,
      -2.480279036250653
    ],
    [
      14.819101428928578,
      1.6412429398963553
    ]
  ],
  "separation_deg": 7.615878608959752,
  "area": 563.2499407773468,
  "centers": {
    "COM": [
      0.9521349942626214,
      0.24120506556842483
    ],
    "BBC": [
      -4.132891817066914,
      5.906761618134926
    ],
    "CHC": [
      -4.653654294605917,
      5.344472669469618
    ],
    "ICC": [
      1.7633292374025846,
      -0.637395815946606
    ]
  },
  "distances": {
    "COM-BBC": 7.62,
    "COM-CHC": 7.62,
    "COM-ICC": 1.9,
    "BBC-CHC": 0.78,
    "BBC-ICC": 9.51,
    "CHC-ICC": 9.51
  },
  "variation_id": 2,
  "optimization_strategy": "tighten"
}